Company Name,Symbol,Date,Open Price,Close Price,High Price,Low Price,Volume
Amazon,AMZN,02/01/2015,227,424,204,500,9977307
Visa,V,07/01/2015,427,367,492,133,3642710
Uber Technologies Inc,UBER,09/01/2015,130,374,463,327,8858033
Uber Technologies Inc,UBER,18/01/2015,212,243,263,403,5415272
CostCo,COST,28/01/2015,386,491,126,461,7857395
Walt Disney Co,DIS,30/01/2015,240,352,215,477,8384611
Tesla,TSLA,30/01/2015,387,388,384,66,8454569
Amazon,AMZN,02/02/2015,222,218,248,286,1493596
Uber Technologies Inc,UBER,08/02/2015,144,91,338,469,8820480
Amazon,AMZN,14/02/2015,475,73,196,157,2296095
Walmart,WMT,20/02/2015,79,488,124,155,6227243
Uber Technologies Inc,UBER,28/02/2015,85,322,258,98,6289228
Walt Disney Co,DIS,08/03/2015,54,455,457,151,513826
MasterCard Incorporated,MA,11/03/2015,462,303,355,160,2239407
Netflix,NFLX,13/03/2015,458,74,331,117,6322958
Uber Technologies Inc,UBER,14/03/2015,242,428,137,210,6439525
Netflix,NFLX,16/03/2015,316,77,484,459,8463733
Visa,V,19/03/2015,225,197,146,173,6015858
MasterCard Incorporated,MA,20/03/2015,168,233,118,259,8229599
Visa,V,21/03/2015,377,76,397,257,6360775
Uber Technologies Inc,UBER,22/03/2015,197,422,356,423,8599867
CostCo,COST,23/03/2015,429,146,276,296,8709467
Walt Disney Co,DIS,02/04/2015,106,168,150,363,8646357
Amazon,AMZN,05/04/2015,105,452,426,101,6759046
Tesla,TSLA,06/04/2015,476,240,364,232,6805055
Uber Technologies Inc,UBER,06/04/2015,207,184,195,149,9672561
Walt Disney Co,DIS,13/04/2015,125,480,203,64,3847087
CostCo,COST,17/04/2015,449,451,158,476,2126306
Netflix,NFLX,18/04/2015,430,381,157,335,1034377
Netflix,NFLX,20/04/2015,72,227,209,480,8199385
Tesla,TSLA,02/05/2015,312,406,215,69,1694329
Visa,V,11/05/2015,373,169,83,153,2380730
Uber Technologies Inc,UBER,16/05/2015,229,179,278,339,1605931
MasterCard Incorporated,MA,17/05/2015,342,301,79,55,6624801
Netflix,NFLX,20/05/2015,272,63,417,453,3044850
Tesla,TSLA,21/05/2015,365,75,326,486,3254325
Netflix,NFLX,23/05/2015,395,497,433,294,4489501
Tesla,TSLA,24/05/2015,310,398,63,436,8516016
CostCo,COST,29/05/2015,362,151,377,464,6899713
Uber Technologies Inc,UBER,30/05/2015,279,368,203,414,1115913
Netflix,NFLX,01/06/2015,458,322,114,321,7805376
MasterCard Incorporated,MA,02/06/2015,483,271,127,255,7373244
Tesla,TSLA,03/06/2015,271,336,194,360,6809528
Walt Disney Co,DIS,03/06/2015,390,420,195,242,4587520
Tesla,TSLA,03/06/2015,286,153,220,319,2168308
Visa,V,05/06/2015,242,178,72,112,6864032
Uber Technologies Inc,UBER,06/06/2015,236,336,465,448,3936029
Amazon,AMZN,07/06/2015,367,446,427,146,1705581
Amazon,AMZN,08/06/2015,432,491,267,439,8552596
Amazon,AMZN,08/06/2015,465,76,420,102,3151321
Tesla,TSLA,10/06/2015,158,170,197,387,9345430
Netflix,NFLX,23/06/2015,370,152,86,463,3360534
Visa,V,23/06/2015,274,159,225,171,4545390
Netflix,NFLX,06/07/2015,194,480,313,414,1811682
Walt Disney Co,DIS,07/07/2015,338,404,355,199,1536895
Amazon,AMZN,08/07/2015,79,97,82,334,7077295
McDonald's Corp,MCD,13/07/2015,162,343,349,402,7061857
CostCo,COST,17/07/2015,302,136,155,237,7802466
MasterCard Incorporated,MA,20/07/2015,277,75,164,491,553564
Walt Disney Co,DIS,24/07/2015,303,162,348,67,1610349
Tesla,TSLA,26/07/2015,180,55,54,88,4943422
Visa,V,04/08/2015,352,351,88,336,3399762
Walmart,WMT,09/08/2015,60,134,92,500,7170969
McDonald's Corp,MCD,09/08/2015,311,170,497,173,1959524
Netflix,NFLX,11/08/2015,358,451,499,362,7233357
Uber Technologies Inc,UBER,14/08/2015,328,103,83,464,7160457
Walmart,WMT,19/08/2015,149,411,81,121,2341969
Netflix,NFLX,21/08/2015,92,106,184,468,525692
Tesla,TSLA,26/08/2015,273,164,319,262,2661525
MasterCard Incorporated,MA,29/08/2015,328,229,310,96,9747202
Visa,V,02/09/2015,248,270,451,123,2528322
Walt Disney Co,DIS,04/09/2015,454,315,240,403,3386170
Visa,V,07/09/2015,245,65,346,243,9874469
Netflix,NFLX,09/09/2015,313,97,279,191,6047584
Amazon,AMZN,12/09/2015,467,197,382,470,2411564
McDonald's Corp,MCD,17/09/2015,361,422,104,375,5626320
Uber Technologies Inc,UBER,21/09/2015,457,399,358,109,1266520
Walt Disney Co,DIS,28/09/2015,446,465,296,423,6495945
Uber Technologies Inc,UBER,01/10/2015,224,381,364,218,6362954
Walt Disney Co,DIS,04/10/2015,191,497,420,169,3321315
MasterCard Incorporated,MA,06/10/2015,125,59,448,342,7447769
Walmart,WMT,06/10/2015,265,192,412,369,1813155
McDonald's Corp,MCD,10/10/2015,313,115,295,434,5465398
Tesla,TSLA,13/10/2015,50,128,97,234,2270328
Netflix,NFLX,19/10/2015,77,204,57,412,8562243
CostCo,COST,20/10/2015,226,243,457,497,2611027
Walmart,WMT,22/10/2015,152,209,93,361,3813520
MasterCard Incorporated,MA,02/11/2015,224,476,212,490,3546595
McDonald's Corp,MCD,08/11/2015,129,352,259,448,4247938
Walt Disney Co,DIS,12/11/2015,98,300,288,218,1049752
Tesla,TSLA,13/11/2015,415,127,322,425,4575330
CostCo,COST,19/11/2015,237,370,301,486,9831058
Netflix,NFLX,19/11/2015,435,54,140,216,4239903
Tesla,TSLA,20/11/2015,383,445,304,297,775680
Uber Technologies Inc,UBER,22/11/2015,207,60,399,312,9765576
Uber Technologies Inc,UBER,27/11/2015,339,57,129,204,8084337
Tesla,TSLA,29/11/2015,226,353,341,161,3632042
Tesla,TSLA,01/12/2015,194,134,190,485,8092133
McDonald's Corp,MCD,03/12/2015,486,68,337,186,5935742
Walmart,WMT,08/12/2015,342,274,438,186,1012688
MasterCard Incorporated,MA,13/12/2015,393,440,379,245,7388409
Uber Technologies Inc,UBER,21/12/2015,384,274,369,378,5602935
Walmart,WMT,23/12/2015,279,388,83,78,9854944
Visa,V,26/12/2015,250,143,214,432,4608112
Uber Technologies Inc,UBER,26/12/2015,360,266,67,367,6535136
CostCo,COST,30/12/2015,208,312,487,209,8780998
Amazon,AMZN,31/12/2015,473,157,144,273,2390035
Uber Technologies Inc,UBER,02/01/2016,325,439,496,336,9672350
McDonald's Corp,MCD,05/01/2016,276,140,112,200,1828448
MasterCard Incorporated,MA,06/01/2016,110,456,79,477,6279212
CostCo,COST,07/01/2016,151,334,53,272,2691266
Walmart,WMT,10/01/2016,199,352,485,304,6656789
MasterCard Incorporated,MA,11/01/2016,256,332,437,219,8761456
Walt Disney Co,DIS,12/01/2016,70,69,288,79,5669112
Netflix,NFLX,14/01/2016,54,134,53,60,8287012
MasterCard Incorporated,MA,17/01/2016,256,92,215,180,8912989
McDonald's Corp,MCD,19/01/2016,445,274,392,160,627717
Netflix,NFLX,23/01/2016,233,193,342,378,5046897
Uber Technologies Inc,UBER,25/01/2016,90,205,141,95,7552770
MasterCard Incorporated,MA,28/01/2016,454,410,386,429,2111632
McDonald's Corp,MCD,30/01/2016,207,139,498,240,7718703
Tesla,TSLA,31/01/2016,378,149,480,277,1054081
CostCo,COST,01/02/2016,233,77,365,184,1957640
Amazon,AMZN,02/02/2016,500,340,114,150,1403041
Uber Technologies Inc,UBER,04/02/2016,160,70,470,449,7975339
Tesla,TSLA,05/02/2016,145,67,497,121,1812889
McDonald's Corp,MCD,10/02/2016,285,103,306,97,4054901
Amazon,AMZN,16/02/2016,153,459,435,143,7790742
Walmart,WMT,16/02/2016,442,222,225,50,1350762
Walmart,WMT,17/02/2016,167,244,487,433,7643104
Netflix,NFLX,18/02/2016,490,429,300,199,7759919
Walmart,WMT,18/02/2016,448,116,94,161,8500945
Visa,V,21/02/2016,449,174,301,413,9268519
Walmart,WMT,26/02/2016,119,159,275,247,6118233
MasterCard Incorporated,MA,28/02/2016,481,294,252,408,8322156
Walmart,WMT,06/03/2016,277,382,429,227,7095480
Amazon,AMZN,08/03/2016,463,134,279,174,6221286
Walt Disney Co,DIS,09/03/2016,371,229,464,168,2152397
Netflix,NFLX,14/03/2016,316,108,249,334,797325
CostCo,COST,14/03/2016,318,324,417,266,2598606
McDonald's Corp,MCD,27/03/2016,259,191,353,317,5218582
Visa,V,31/03/2016,134,219,58,327,2502059
Tesla,TSLA,02/04/2016,144,429,139,476,5115742
McDonald's Corp,MCD,02/04/2016,152,106,204,252,7441369
MasterCard Incorporated,MA,12/04/2016,186,176,111,102,1054406
MasterCard Incorporated,MA,15/04/2016,452,180,304,122,7885487
Visa,V,18/04/2016,389,84,281,329,1222971
Walt Disney Co,DIS,25/04/2016,311,179,213,369,5826603
Uber Technologies Inc,UBER,28/04/2016,224,375,153,253,7418259
Amazon,AMZN,06/05/2016,176,119,193,165,2178199
MasterCard Incorporated,MA,07/05/2016,465,408,273,111,6790208
Walt Disney Co,DIS,07/05/2016,472,421,127,480,9517607
Uber Technologies Inc,UBER,14/05/2016,276,157,204,188,1795290
Tesla,TSLA,20/05/2016,95,52,196,500,4206971
Visa,V,21/05/2016,392,282,270,331,1239987
Visa,V,28/05/2016,63,166,121,325,3142673
Walt Disney Co,DIS,29/05/2016,107,86,244,367,6450479
CostCo,COST,30/05/2016,460,344,187,368,3632695
Walmart,WMT,30/05/2016,209,316,431,463,3676073
Walmart,WMT,04/06/2016,122,80,258,148,1703673
Amazon,AMZN,05/06/2016,364,332,278,196,6673351
MasterCard Incorporated,MA,07/06/2016,141,378,406,477,5317310
Walt Disney Co,DIS,12/06/2016,190,409,463,429,3442419
Tesla,TSLA,15/06/2016,267,373,103,102,3413674
CostCo,COST,22/06/2016,326,145,337,444,5411258
Walt Disney Co,DIS,24/06/2016,474,160,286,193,9644317
Uber Technologies Inc,UBER,27/06/2016,93,465,397,173,4862872
Netflix,NFLX,27/06/2016,481,485,115,51,8483214
Amazon,AMZN,29/06/2016,133,275,399,177,512069
McDonald's Corp,MCD,03/07/2016,78,286,350,221,3491965
Visa,V,04/07/2016,158,395,209,344,7066723
Tesla,TSLA,08/07/2016,333,340,381,495,5201888
CostCo,COST,09/07/2016,489,499,485,340,586647
Amazon,AMZN,11/07/2016,433,148,353,167,6890427
Uber Technologies Inc,UBER,31/07/2016,302,146,84,295,7849573
CostCo,COST,01/08/2016,77,253,398,390,8642224
Walt Disney Co,DIS,01/08/2016,358,60,62,391,9684665
MasterCard Incorporated,MA,01/08/2016,413,72,276,445,686866
Netflix,NFLX,11/08/2016,455,168,404,272,6739058
CostCo,COST,24/08/2016,363,113,231,251,9967384
Uber Technologies Inc,UBER,26/08/2016,245,241,500,404,774070
Tesla,TSLA,02/09/2016,157,495,369,466,5267283
McDonald's Corp,MCD,02/09/2016,150,222,71,488,7817245
CostCo,COST,09/09/2016,317,98,416,443,1709474
MasterCard Incorporated,MA,12/09/2016,367,209,327,97,9487059
Walmart,WMT,17/09/2016,248,376,171,266,2634941
Walmart,WMT,20/09/2016,349,119,214,476,1431585
Walt Disney Co,DIS,24/09/2016,364,127,82,168,5603099
Amazon,AMZN,25/09/2016,221,274,68,423,7454035
McDonald's Corp,MCD,25/09/2016,63,95,481,98,4822991
CostCo,COST,28/09/2016,397,253,418,279,4816994
Walt Disney Co,DIS,29/09/2016,437,344,377,377,9452364
Visa,V,01/10/2016,261,364,464,332,6568652
Visa,V,03/10/2016,222,155,418,460,7951220
Netflix,NFLX,08/10/2016,250,206,67,257,3899882
Uber Technologies Inc,UBER,23/10/2016,160,210,213,188,4497610
Walmart,WMT,25/10/2016,297,150,56,226,3570676
McDonald's Corp,MCD,25/10/2016,280,53,476,426,5174501
Netflix,NFLX,27/10/2016,301,455,210,443,7342488
Walt Disney Co,DIS,28/10/2016,171,303,147,405,2742999
Walt Disney Co,DIS,03/11/2016,353,87,424,186,3653104
CostCo,COST,06/11/2016,398,66,141,128,5352980
Uber Technologies Inc,UBER,12/11/2016,387,90,371,468,5785774
Netflix,NFLX,20/11/2016,172,149,73,67,5954854
McDonald's Corp,MCD,21/11/2016,293,324,109,188,735338
MasterCard Incorporated,MA,22/11/2016,141,415,493,347,8417158
Uber Technologies Inc,UBER,26/11/2016,498,76,365,485,5250755
Netflix,NFLX,28/11/2016,445,201,88,203,8251528
Walmart,WMT,29/11/2016,201,417,327,252,9153808
Walt Disney Co,DIS,01/12/2016,433,265,163,365,4967505
CostCo,COST,03/12/2016,104,130,492,103,4613653
Walt Disney Co,DIS,04/12/2016,317,345,68,283,7477685
CostCo,COST,05/12/2016,189,280,255,383,8087907
Visa,V,06/12/2016,427,358,311,142,1209839
Visa,V,08/12/2016,96,74,316,441,8383023
Visa,V,14/12/2016,260,440,445,70,3932624
Amazon,AMZN,17/12/2016,408,368,263,287,4105333
Walt Disney Co,DIS,30/12/2016,258,463,58,407,5169050
CostCo,COST,31/12/2016,80,475,117,223,4104818
Walmart,WMT,03/01/2017,289,245,499,187,9915040
CostCo,COST,06/01/2017,455,446,295,61,6758225
Visa,V,07/01/2017,181,157,307,212,8736852
Tesla,TSLA,09/01/2017,292,53,124,326,1363556
MasterCard Incorporated,MA,22/01/2017,288,299,256,60,4441158
MasterCard Incorporated,MA,26/01/2017,200,447,166,126,1924664
Visa,V,29/01/2017,375,416,201,181,566432
Walmart,WMT,30/01/2017,160,163,412,163,1216308
CostCo,COST,16/02/2017,178,303,270,480,9028515
Tesla,TSLA,22/02/2017,63,408,498,159,4404900
Amazon,AMZN,22/02/2017,139,347,115,394,8829264
Uber Technologies Inc,UBER,22/02/2017,94,485,201,254,1934927
Uber Technologies Inc,UBER,22/02/2017,228,270,475,241,8712283
Walmart,WMT,23/02/2017,82,358,149,189,9259224
Tesla,TSLA,24/02/2017,89,479,369,499,7721265
CostCo,COST,02/03/2017,144,125,490,457,5187055
Walmart,WMT,02/03/2017,248,141,390,315,2122557
McDonald's Corp,MCD,02/03/2017,88,377,399,162,720567
McDonald's Corp,MCD,03/03/2017,427,497,187,465,3302586
Walt Disney Co,DIS,12/03/2017,138,286,251,83,3493378
CostCo,COST,12/03/2017,428,360,52,128,4531538
MasterCard Incorporated,MA,17/03/2017,113,226,394,344,9184678
MasterCard Incorporated,MA,19/03/2017,238,293,367,477,5210566
Walt Disney Co,DIS,20/03/2017,273,264,83,196,4195623
MasterCard Incorporated,MA,20/03/2017,492,315,283,249,7657850
Walt Disney Co,DIS,21/03/2017,335,341,410,313,4603427
Visa,V,26/03/2017,97,278,370,500,4654497
Amazon,AMZN,28/03/2017,336,134,112,148,3020741
Walt Disney Co,DIS,29/03/2017,309,483,253,413,2494832
Amazon,AMZN,01/04/2017,239,111,98,409,1449581
CostCo,COST,04/04/2017,194,331,415,231,9761614
Visa,V,05/04/2017,371,123,362,352,1624606
Walt Disney Co,DIS,07/04/2017,380,257,270,116,8196902
Visa,V,08/04/2017,389,349,325,261,4441908
Amazon,AMZN,08/04/2017,437,239,419,227,1615346
Netflix,NFLX,12/04/2017,493,405,303,182,8286154
Netflix,NFLX,14/04/2017,338,207,413,358,1527365
McDonald's Corp,MCD,17/04/2017,338,69,472,476,4898267
Visa,V,18/04/2017,472,298,97,50,9789217
Walmart,WMT,21/04/2017,371,196,448,317,663585
CostCo,COST,27/04/2017,414,208,480,462,8696924
McDonald's Corp,MCD,29/04/2017,445,392,102,186,6843092
Tesla,TSLA,29/04/2017,202,86,265,236,5832817
Visa,V,30/04/2017,304,348,385,104,2283297
Walt Disney Co,DIS,14/05/2017,352,368,282,113,8372590
Netflix,NFLX,16/05/2017,177,125,389,105,7483215
MasterCard Incorporated,MA,18/05/2017,194,310,291,461,1838021
Visa,V,24/05/2017,355,371,287,497,2020562
Netflix,NFLX,25/05/2017,58,352,462,459,7102708
Amazon,AMZN,26/05/2017,133,113,270,222,748598
Uber Technologies Inc,UBER,04/06/2017,334,268,385,149,8306112
Walmart,WMT,05/06/2017,416,363,184,165,829211
Uber Technologies Inc,UBER,05/06/2017,258,227,228,412,6412653
Netflix,NFLX,10/06/2017,476,379,326,456,7040450
Netflix,NFLX,12/06/2017,142,332,371,279,7902802
Netflix,NFLX,13/06/2017,401,169,258,452,1744585
CostCo,COST,05/07/2017,312,410,324,285,6910947
Visa,V,08/07/2017,448,263,170,188,9859148
Netflix,NFLX,08/07/2017,372,458,94,173,9799070
McDonald's Corp,MCD,09/07/2017,63,211,374,480,9706929
Uber Technologies Inc,UBER,14/07/2017,148,186,201,267,6388893
CostCo,COST,08/08/2017,188,307,367,227,6293712
MasterCard Incorporated,MA,16/08/2017,268,251,67,258,1341188
Netflix,NFLX,25/08/2017,232,111,315,114,3414905
Walt Disney Co,DIS,25/08/2017,213,130,351,377,2391773
Walmart,WMT,27/08/2017,190,254,268,489,880643
CostCo,COST,30/08/2017,307,227,478,422,7292175
Amazon,AMZN,31/08/2017,489,358,232,474,5652600
MasterCard Incorporated,MA,13/09/2017,335,256,372,190,2660027
Walmart,WMT,05/10/2017,334,82,105,484,4769642
Uber Technologies Inc,UBER,14/10/2017,135,107,353,367,7667590
Amazon,AMZN,17/10/2017,157,194,151,100,7465756
McDonald's Corp,MCD,18/10/2017,175,173,473,83,7149140
Walt Disney Co,DIS,19/10/2017,401,276,78,427,3829835
MasterCard Incorporated,MA,20/10/2017,325,328,104,162,5868853
McDonald's Corp,MCD,20/10/2017,336,407,458,300,5015514
Amazon,AMZN,22/10/2017,60,307,187,495,8567446
Tesla,TSLA,31/10/2017,116,401,123,119,6269470
MasterCard Incorporated,MA,02/11/2017,247,419,89,157,8386096
Uber Technologies Inc,UBER,05/11/2017,414,292,323,349,8933000
MasterCard Incorporated,MA,08/11/2017,90,469,324,141,2376528
Tesla,TSLA,08/11/2017,161,167,195,389,1143706
Walt Disney Co,DIS,08/11/2017,175,260,488,422,1637838
Netflix,NFLX,12/11/2017,340,466,361,124,3259767
Tesla,TSLA,13/11/2017,151,119,250,162,2299841
Visa,V,14/11/2017,421,92,476,444,3846554
Walt Disney Co,DIS,17/11/2017,257,178,114,472,2471227
Walt Disney Co,DIS,24/11/2017,491,253,191,118,4754297
Amazon,AMZN,25/11/2017,375,266,272,488,7180437
Amazon,AMZN,27/11/2017,110,53,56,414,933302
Netflix,NFLX,02/12/2017,308,88,242,148,4530546
Tesla,TSLA,14/12/2017,499,112,447,422,8851709
Walt Disney Co,DIS,16/12/2017,131,131,66,174,7791054
Walt Disney Co,DIS,23/12/2017,213,225,394,81,3266022
Netflix,NFLX,26/12/2017,448,172,337,87,4200494
CostCo,COST,27/12/2017,433,178,498,188,9346581
MasterCard Incorporated,MA,29/12/2017,337,103,168,290,8888998
Visa,V,30/12/2017,99,124,337,370,3034424
Walmart,WMT,12/01/2018,435,350,361,232,6983071
Tesla,TSLA,13/01/2018,326,293,294,135,9773510
McDonald's Corp,MCD,21/01/2018,419,264,337,474,2180602
Walmart,WMT,27/01/2018,255,86,459,90,9444330
Netflix,NFLX,02/02/2018,359,370,180,346,2756403
Visa,V,04/02/2018,471,100,466,82,3710810
Uber Technologies Inc,UBER,06/02/2018,163,352,336,214,5797039
MasterCard Incorporated,MA,19/02/2018,448,56,54,267,5181520
Visa,V,24/02/2018,60,418,311,94,6881104
Uber Technologies Inc,UBER,27/02/2018,298,349,98,185,6836679
Tesla,TSLA,05/03/2018,91,100,184,92,965323
Amazon,AMZN,11/03/2018,459,147,266,102,9977208
Walt Disney Co,DIS,13/03/2018,485,285,383,180,3947546
Visa,V,16/03/2018,147,273,298,105,6180804
Netflix,NFLX,20/03/2018,236,118,290,184,6255419
Amazon,AMZN,10/04/2018,76,408,266,443,5173925
Walt Disney Co,DIS,18/04/2018,180,52,483,108,5607776
Walmart,WMT,18/04/2018,475,475,141,240,5203357
McDonald's Corp,MCD,24/04/2018,201,436,139,279,2173087
McDonald's Corp,MCD,04/05/2018,77,341,79,101,3823435
McDonald's Corp,MCD,04/05/2018,87,379,460,344,9592704
Amazon,AMZN,10/05/2018,410,314,238,71,8770940
Amazon,AMZN,18/05/2018,277,398,202,228,6320565
Visa,V,20/05/2018,481,427,140,58,2082965
Amazon,AMZN,23/05/2018,361,383,191,477,1934336
CostCo,COST,26/05/2018,461,497,146,238,4379107
Netflix,NFLX,31/05/2018,196,285,165,196,927068
Walmart,WMT,03/06/2018,397,274,330,109,940395
MasterCard Incorporated,MA,07/06/2018,324,390,65,472,8982561
Tesla,TSLA,10/06/2018,444,321,396,437,7302975
Visa,V,12/06/2018,81,83,190,371,7397685
Walmart,WMT,14/06/2018,323,407,296,412,724961
Tesla,TSLA,23/06/2018,81,295,294,100,9050695
MasterCard Incorporated,MA,25/06/2018,175,135,197,57,5043430
Netflix,NFLX,26/06/2018,221,116,153,310,3162156
Uber Technologies Inc,UBER,29/06/2018,461,329,113,462,6882517
Tesla,TSLA,01/07/2018,470,306,219,232,8292009
Walt Disney Co,DIS,06/07/2018,413,161,434,360,8576283
McDonald's Corp,MCD,09/07/2018,227,86,190,272,8175637
Visa,V,14/07/2018,105,483,284,186,9954730
Netflix,NFLX,14/07/2018,215,136,480,203,6808114
Netflix,NFLX,23/07/2018,69,333,315,134,5634703
Netflix,NFLX,23/07/2018,426,295,312,356,1393053
Walt Disney Co,DIS,24/07/2018,472,211,178,467,5029496
MasterCard Incorporated,MA,24/07/2018,319,358,468,494,5840569
Uber Technologies Inc,UBER,29/07/2018,58,329,416,299,2114243
Visa,V,01/08/2018,108,380,214,186,2937029
Tesla,TSLA,02/08/2018,499,181,106,223,579271
Amazon,AMZN,05/08/2018,347,202,252,457,5964229
Tesla,TSLA,08/08/2018,263,471,54,473,5062018
Uber Technologies Inc,UBER,10/08/2018,194,121,85,72,4616867
Visa,V,21/08/2018,181,133,464,361,3976854
McDonald's Corp,MCD,22/08/2018,84,170,344,370,2775003
Walmart,WMT,23/08/2018,427,148,432,81,3292132
Netflix,NFLX,24/08/2018,361,434,423,235,1411329
McDonald's Corp,MCD,27/08/2018,285,351,349,481,942885
Walmart,WMT,30/08/2018,56,119,323,183,3628296
Uber Technologies Inc,UBER,30/08/2018,465,56,78,247,9186323
Walmart,WMT,02/09/2018,425,102,218,338,4119655
Walmart,WMT,03/09/2018,140,148,456,309,622041
MasterCard Incorporated,MA,04/09/2018,298,412,281,64,3795868
Tesla,TSLA,06/09/2018,134,313,75,186,1598974
Uber Technologies Inc,UBER,09/09/2018,244,404,212,447,8535076
Walmart,WMT,09/09/2018,344,336,93,121,6262977
Uber Technologies Inc,UBER,11/09/2018,83,246,146,171,8001872
Tesla,TSLA,14/09/2018,335,146,80,262,6611544
MasterCard Incorporated,MA,18/09/2018,361,155,305,88,6049537
Tesla,TSLA,21/09/2018,186,329,59,67,4862178
Netflix,NFLX,21/09/2018,87,337,54,117,8489852
MasterCard Incorporated,MA,25/09/2018,449,102,61,305,8486524
CostCo,COST,26/09/2018,193,259,387,258,5643399
Amazon,AMZN,26/09/2018,140,422,343,171,6001132
MasterCard Incorporated,MA,26/09/2018,215,478,198,481,9193140
Tesla,TSLA,29/09/2018,365,171,468,419,9424596
Amazon,AMZN,29/09/2018,341,381,398,453,5892478
McDonald's Corp,MCD,01/10/2018,326,291,56,489,1153657
Walt Disney Co,DIS,05/10/2018,123,386,343,354,6363378
Walt Disney Co,DIS,07/10/2018,210,218,160,118,8888134
McDonald's Corp,MCD,13/10/2018,380,424,456,65,5422122
Uber Technologies Inc,UBER,14/10/2018,382,287,70,208,6364173
McDonald's Corp,MCD,27/10/2018,157,455,208,179,5764945
Walmart,WMT,09/11/2018,347,355,127,493,9459490
Visa,V,15/11/2018,496,364,97,56,1670511
Amazon,AMZN,15/11/2018,446,153,85,256,1864947
Amazon,AMZN,16/11/2018,340,122,84,66,4038080
McDonald's Corp,MCD,18/11/2018,464,372,156,440,3908603
Uber Technologies Inc,UBER,20/11/2018,288,140,237,168,5906760
Walt Disney Co,DIS,21/11/2018,93,95,156,262,9985684
Walmart,WMT,21/11/2018,126,66,314,198,8050256
Amazon,AMZN,25/11/2018,238,437,60,379,7277287
Tesla,TSLA,26/11/2018,225,169,273,59,3989158
MasterCard Incorporated,MA,27/11/2018,317,77,261,214,2576763
Tesla,TSLA,27/11/2018,465,312,179,208,9738681
Tesla,TSLA,27/11/2018,73,213,296,404,5520692
CostCo,COST,03/12/2018,248,144,315,307,8374318
Amazon,AMZN,06/12/2018,341,261,131,287,7465732
Tesla,TSLA,13/12/2018,98,237,144,417,5012880
Uber Technologies Inc,UBER,18/12/2018,145,245,292,72,4776951
Uber Technologies Inc,UBER,20/12/2018,298,438,151,426,3452003
Amazon,AMZN,22/12/2018,380,261,440,167,3392325
Amazon,AMZN,23/12/2018,423,250,485,70,7474353
McDonald's Corp,MCD,25/12/2018,232,54,154,184,7510552
Tesla,TSLA,25/12/2018,415,81,298,199,3339509
MasterCard Incorporated,MA,26/12/2018,319,334,285,134,4012220
Uber Technologies Inc,UBER,27/12/2018,58,386,178,130,4498216
Amazon,AMZN,27/12/2018,478,384,439,178,885336
Walt Disney Co,DIS,30/12/2018,491,89,111,153,3895918
CostCo,COST,15/01/2019,488,460,378,259,4140082
Uber Technologies Inc,UBER,16/01/2019,258,180,246,95,8446792
Walmart,WMT,17/01/2019,94,117,61,441,9520052
Walmart,WMT,24/01/2019,393,186,324,476,7160638
Amazon,AMZN,28/01/2019,274,348,263,476,9363360
Walt Disney Co,DIS,07/02/2019,194,157,273,98,763314
Walmart,WMT,09/02/2019,265,269,316,275,8519331
CostCo,COST,10/02/2019,321,93,196,165,4981564
Netflix,NFLX,11/02/2019,141,137,498,311,9819383
Visa,V,13/02/2019,128,375,177,395,9219767
Amazon,AMZN,17/02/2019,456,296,117,419,4545424
McDonald's Corp,MCD,17/02/2019,220,342,88,104,2879420
CostCo,COST,26/02/2019,345,255,327,469,8089534
McDonald's Corp,MCD,26/02/2019,318,421,465,173,6612558
Netflix,NFLX,26/02/2019,206,348,237,469,9876157
Uber Technologies Inc,UBER,08/03/2019,293,237,248,51,6992324
Netflix,NFLX,13/03/2019,257,292,342,169,5330194
Tesla,TSLA,17/03/2019,327,292,272,116,4760878
CostCo,COST,18/03/2019,376,471,145,417,4174051
Walt Disney Co,DIS,19/03/2019,494,197,404,76,2031093
MasterCard Incorporated,MA,21/03/2019,403,457,66,483,1264798
CostCo,COST,31/03/2019,260,264,457,259,4194919
Amazon,AMZN,07/04/2019,352,205,73,448,9533642
McDonald's Corp,MCD,21/04/2019,494,348,123,311,6075741
MasterCard Incorporated,MA,21/04/2019,255,321,94,296,1873251
Walmart,WMT,24/04/2019,54,480,95,223,7479891
Uber Technologies Inc,UBER,03/05/2019,103,238,176,291,3781100
Visa,V,03/05/2019,343,386,81,290,3862794
MasterCard Incorporated,MA,16/05/2019,201,374,264,185,7837118
Walt Disney Co,DIS,17/05/2019,187,299,175,500,8537558
Tesla,TSLA,17/05/2019,250,173,374,284,8333688
McDonald's Corp,MCD,18/05/2019,136,129,483,478,1515424
Netflix,NFLX,21/05/2019,96,388,245,141,1632031
Walt Disney Co,DIS,26/05/2019,268,310,56,433,4442731
Walt Disney Co,DIS,26/05/2019,76,208,291,462,1308489
MasterCard Incorporated,MA,29/05/2019,306,372,287,197,5226471
Amazon,AMZN,10/06/2019,222,98,80,191,8666280
Tesla,TSLA,13/06/2019,201,424,250,231,7226267
Walt Disney Co,DIS,14/06/2019,463,333,59,450,5263293
Netflix,NFLX,14/06/2019,226,495,386,484,8956558
Uber Technologies Inc,UBER,16/06/2019,59,438,243,224,6069133
Walmart,WMT,21/06/2019,496,411,181,436,9054117
Visa,V,21/06/2019,432,314,70,427,8840750
Uber Technologies Inc,UBER,22/06/2019,460,70,349,179,2470511
Walmart,WMT,25/06/2019,51,190,101,132,9091971
MasterCard Incorporated,MA,28/06/2019,330,149,353,93,6426099
Walt Disney Co,DIS,29/06/2019,473,383,493,168,9068295
Walt Disney Co,DIS,30/06/2019,65,128,64,363,8423024
Visa,V,01/07/2019,289,180,365,97,3354554
Uber Technologies Inc,UBER,03/07/2019,319,411,377,100,7331036
Walt Disney Co,DIS,04/07/2019,216,323,475,455,4001205
McDonald's Corp,MCD,04/07/2019,468,408,221,332,3826430
CostCo,COST,05/07/2019,392,101,405,71,3279592
Visa,V,06/07/2019,197,349,250,248,2219812
CostCo,COST,21/07/2019,265,138,294,126,9295633
CostCo,COST,22/07/2019,301,128,328,198,9815981
Netflix,NFLX,25/07/2019,474,137,154,466,7712707
Visa,V,07/08/2019,144,458,176,372,7374588
McDonald's Corp,MCD,07/08/2019,232,454,283,94,7873980
Amazon,AMZN,08/08/2019,198,231,106,290,4092484
McDonald's Corp,MCD,09/08/2019,172,450,444,450,1287316
MasterCard Incorporated,MA,11/08/2019,155,395,395,187,5890182
Amazon,AMZN,16/08/2019,416,316,82,171,4708573
MasterCard Incorporated,MA,19/08/2019,79,189,423,246,9198626
MasterCard Incorporated,MA,19/08/2019,304,158,61,276,1364304
McDonald's Corp,MCD,21/08/2019,380,234,379,327,3411749
Walmart,WMT,14/09/2019,224,243,450,319,5143083
Walmart,WMT,15/09/2019,262,315,241,274,4542748
Netflix,NFLX,18/09/2019,340,340,60,397,5170909
Tesla,TSLA,30/09/2019,254,259,362,475,1883656
MasterCard Incorporated,MA,03/10/2019,449,418,62,330,8731463
Tesla,TSLA,04/10/2019,233,161,90,317,7485047
Amazon,AMZN,06/10/2019,208,155,346,377,685330
CostCo,COST,10/10/2019,181,194,316,447,2665554
Uber Technologies Inc,UBER,18/10/2019,352,219,139,470,2682991
Tesla,TSLA,30/10/2019,459,120,359,457,8975089
MasterCard Incorporated,MA,04/11/2019,319,327,305,474,1578832
Netflix,NFLX,04/11/2019,200,146,305,448,1898864
Tesla,TSLA,04/11/2019,393,115,228,336,3227188
CostCo,COST,05/11/2019,475,209,119,215,5893013
Uber Technologies Inc,UBER,16/11/2019,177,211,80,443,5723505
Tesla,TSLA,02/12/2019,171,138,103,267,3341564
Visa,V,05/12/2019,352,58,370,488,6153927
Tesla,TSLA,13/12/2019,58,161,499,121,3710175
Netflix,NFLX,15/12/2019,266,449,319,197,4800172
Uber Technologies Inc,UBER,16/12/2019,57,126,272,166,7491585
Amazon,AMZN,19/12/2019,101,188,479,300,6973579
Tesla,TSLA,21/12/2019,436,185,280,215,8331321
Amazon,AMZN,21/12/2019,258,388,56,360,1519292
Walt Disney Co,DIS,03/01/2020,250,288,55,335,8991734
Tesla,TSLA,08/01/2020,169,60,303,442,3352426
CostCo,COST,11/01/2020,185,95,68,484,5318301
Visa,V,18/01/2020,329,492,53,288,3854982
McDonald's Corp,MCD,21/01/2020,176,99,133,468,3576272
Netflix,NFLX,23/01/2020,424,161,300,283,985010
Netflix,NFLX,26/01/2020,245,464,164,388,2728035
Walmart,WMT,02/02/2020,390,435,138,59,7559238
Walt Disney Co,DIS,13/02/2020,165,448,304,67,8990801
Visa,V,20/02/2020,103,217,488,475,7985348
Walt Disney Co,DIS,21/02/2020,440,317,434,492,7067061
Tesla,TSLA,22/02/2020,76,213,336,321,9989742
CostCo,COST,23/02/2020,193,146,459,319,9769540
Netflix,NFLX,01/03/2020,138,487,469,437,1248935
CostCo,COST,01/03/2020,125,324,253,407,6443462
Tesla,TSLA,06/03/2020,126,160,72,234,4944754
Walmart,WMT,06/03/2020,153,187,283,440,8832255
Visa,V,06/03/2020,199,293,144,373,9306679
Uber Technologies Inc,UBER,10/03/2020,475,99,478,276,9395585
Visa,V,12/03/2020,463,412,266,59,4475252
CostCo,COST,21/03/2020,338,258,97,420,9416611
Walmart,WMT,23/03/2020,392,499,459,423,6734077
Walt Disney Co,DIS,03/04/2020,308,343,184,391,9436574
Walmart,WMT,04/04/2020,488,445,144,286,3024601
Visa,V,08/04/2020,71,497,500,126,2769572
McDonald's Corp,MCD,09/04/2020,308,225,63,366,4926976
Amazon,AMZN,12/04/2020,228,347,467,301,4291507
Netflix,NFLX,15/04/2020,494,317,367,418,9795274
Tesla,TSLA,16/04/2020,379,264,89,472,2102323
Netflix,NFLX,17/04/2020,434,372,258,383,2575768
Visa,V,05/05/2020,485,489,374,86,9777212
Netflix,NFLX,06/05/2020,407,483,127,490,764450
Netflix,NFLX,14/05/2020,453,140,251,250,4232328
Walmart,WMT,17/05/2020,426,355,197,429,3462309
Uber Technologies Inc,UBER,23/05/2020,413,80,322,458,3692090
Visa,V,27/05/2020,339,259,152,416,9389009
Walt Disney Co,DIS,30/05/2020,153,455,133,107,7252206
Netflix,NFLX,14/06/2020,438,152,466,97,5266047
Walmart,WMT,18/06/2020,212,279,266,125,1846809
Walt Disney Co,DIS,23/06/2020,370,312,340,368,9732712
Uber Technologies Inc,UBER,30/06/2020,445,262,452,78,5249794
Visa,V,01/07/2020,388,236,104,345,6438589
MasterCard Incorporated,MA,01/07/2020,86,425,264,477,4244154
Netflix,NFLX,05/07/2020,389,405,374,128,6280222
Visa,V,12/07/2020,364,124,208,363,4274135
Amazon,AMZN,16/07/2020,441,305,91,181,1080529
Tesla,TSLA,19/07/2020,392,119,278,58,8492332
Uber Technologies Inc,UBER,26/07/2020,96,172,358,450,4410932
Tesla,TSLA,02/08/2020,272,124,252,483,6615666
Tesla,TSLA,09/08/2020,376,123,185,496,5919062
Tesla,TSLA,10/08/2020,126,164,420,231,5273530
Walmart,WMT,15/08/2020,175,219,362,304,2061280
Walmart,WMT,18/08/2020,436,500,94,442,6867932
MasterCard Incorporated,MA,21/08/2020,125,447,171,224,3244541
Uber Technologies Inc,UBER,25/08/2020,180,449,396,431,3888634
CostCo,COST,05/09/2020,483,200,86,102,3752268
Walmart,WMT,07/09/2020,235,168,145,491,7830255
McDonald's Corp,MCD,09/09/2020,379,327,428,56,7618255
Tesla,TSLA,09/09/2020,398,93,452,396,4592458
Amazon,AMZN,18/09/2020,210,156,401,325,2044725
McDonald's Corp,MCD,18/09/2020,381,184,464,208,4550532
CostCo,COST,19/09/2020,198,73,358,111,2566428
MasterCard Incorporated,MA,21/09/2020,329,428,185,197,1748400
McDonald's Corp,MCD,03/10/2020,242,477,166,472,5989618
Visa,V,09/10/2020,316,500,386,59,9373654
Uber Technologies Inc,UBER,10/10/2020,80,343,93,409,8338565
Uber Technologies Inc,UBER,23/10/2020,371,92,106,427,3105538
Uber Technologies Inc,UBER,24/10/2020,356,318,50,187,4800427
McDonald's Corp,MCD,27/10/2020,122,254,188,117,5876786
CostCo,COST,28/10/2020,133,442,101,173,2291556
Walt Disney Co,DIS,29/10/2020,219,490,103,235,6341924
Walt Disney Co,DIS,30/10/2020,414,357,158,320,3125304
CostCo,COST,31/10/2020,456,186,297,105,7074295
Uber Technologies Inc,UBER,31/10/2020,398,487,371,78,2012126
McDonald's Corp,MCD,02/11/2020,265,148,202,470,9737245
Tesla,TSLA,06/11/2020,211,316,164,494,6154598
Amazon,AMZN,11/11/2020,474,481,351,306,2950767
Tesla,TSLA,16/11/2020,365,270,145,452,4456929
Tesla,TSLA,24/11/2020,174,249,220,379,5204028
Netflix,NFLX,27/11/2020,297,480,231,497,3490878
Walmart,WMT,02/12/2020,251,431,402,453,7635121
McDonald's Corp,MCD,05/12/2020,147,246,355,350,6505946
Walmart,WMT,13/12/2020,468,158,265,174,9232836
Visa,V,22/12/2020,113,365,177,236,2685438
McDonald's Corp,MCD,22/12/2020,409,296,416,181,7059303
Visa,V,23/12/2020,345,91,327,362,1375592
Uber Technologies Inc,UBER,24/12/2020,398,492,188,497,3868160
Walt Disney Co,DIS,27/12/2020,428,223,255,56,7740875
CostCo,COST,03/01/2021,412,296,172,204,1187416
Amazon,AMZN,18/01/2021,179,405,219,463,5219374
MasterCard Incorporated,MA,19/01/2021,368,282,311,420,6782093
McDonald's Corp,MCD,23/01/2021,420,209,265,227,1044904
Tesla,TSLA,25/01/2021,315,83,354,83,8901789
Uber Technologies Inc,UBER,30/01/2021,263,410,223,123,9096015
Visa,V,31/01/2021,310,343,470,350,9834990
Netflix,NFLX,02/02/2021,359,443,337,374,2435110
McDonald's Corp,MCD,09/02/2021,437,129,127,124,9253434
Walmart,WMT,10/02/2021,471,95,78,270,7557410
Visa,V,10/02/2021,271,275,67,279,3865235
Tesla,TSLA,10/02/2021,329,383,285,446,4855953
McDonald's Corp,MCD,11/02/2021,291,476,205,453,6200167
Walt Disney Co,DIS,13/02/2021,458,242,122,96,6989036
Visa,V,15/02/2021,423,272,498,70,9909901
Uber Technologies Inc,UBER,21/02/2021,293,352,187,213,5403164
Walmart,WMT,22/02/2021,467,196,84,209,6349478
Uber Technologies Inc,UBER,25/02/2021,421,228,497,165,8631902
Uber Technologies Inc,UBER,25/02/2021,245,459,430,137,1637918
McDonald's Corp,MCD,27/02/2021,401,215,392,129,5427336
Netflix,NFLX,28/02/2021,314,371,101,497,8719373
CostCo,COST,12/03/2021,337,499,390,429,9955098
Walmart,WMT,14/03/2021,140,233,115,282,1222185
Walt Disney Co,DIS,29/03/2021,185,442,368,486,8526616
Amazon,AMZN,29/03/2021,292,294,493,60,8026992
MasterCard Incorporated,MA,31/03/2021,334,194,300,86,9692653
Netflix,NFLX,07/04/2021,315,162,58,140,9358007
Visa,V,08/04/2021,432,297,97,492,9224717
CostCo,COST,16/04/2021,378,434,257,214,2489110
Walt Disney Co,DIS,19/04/2021,78,483,362,386,3620965
Amazon,AMZN,20/04/2021,192,431,234,316,3654420
Uber Technologies Inc,UBER,22/04/2021,200,65,355,109,2616162
Uber Technologies Inc,UBER,24/04/2021,415,255,468,125,9048714
McDonald's Corp,MCD,02/05/2021,253,373,186,433,8295199
MasterCard Incorporated,MA,03/05/2021,182,53,339,487,9134249
Tesla,TSLA,03/05/2021,255,100,190,420,3840089
Walmart,WMT,07/05/2021,68,255,356,312,9910085
Netflix,NFLX,07/05/2021,455,93,78,297,3910573
MasterCard Incorporated,MA,13/05/2021,163,77,98,451,4416014
McDonald's Corp,MCD,14/05/2021,208,499,187,62,3376625
CostCo,COST,17/05/2021,161,80,205,367,6505376
MasterCard Incorporated,MA,21/05/2021,282,383,172,365,4559179
CostCo,COST,27/05/2021,184,281,284,253,3319771
Tesla,TSLA,29/05/2021,301,378,316,245,8265417
Walt Disney Co,DIS,29/05/2021,145,424,108,426,5742212
Netflix,NFLX,07/06/2021,413,211,168,173,2185002
Walmart,WMT,10/06/2021,68,380,464,317,4168350
McDonald's Corp,MCD,10/06/2021,174,72,320,401,9845352
McDonald's Corp,MCD,21/06/2021,142,175,52,353,5588192
Uber Technologies Inc,UBER,24/06/2021,204,462,356,378,4139458
MasterCard Incorporated,MA,05/07/2021,381,68,312,254,1390018
MasterCard Incorporated,MA,11/07/2021,354,107,348,371,1008179
MasterCard Incorporated,MA,13/07/2021,407,322,109,499,1384519
McDonald's Corp,MCD,15/07/2021,185,400,377,232,5649205
Amazon,AMZN,16/07/2021,59,390,316,363,8510874
Walmart,WMT,17/07/2021,56,385,432,194,6327848
Netflix,NFLX,18/07/2021,196,355,325,491,7190790
Uber Technologies Inc,UBER,19/07/2021,212,402,238,272,4783854
Walt Disney Co,DIS,19/07/2021,68,148,321,209,3860329
MasterCard Incorporated,MA,23/07/2021,233,354,129,124,4354751
Walt Disney Co,DIS,25/07/2021,269,165,299,393,6383325
Uber Technologies Inc,UBER,27/07/2021,356,296,138,326,5958096
Netflix,NFLX,29/07/2021,343,257,243,447,885600
Walmart,WMT,06/08/2021,251,297,355,316,4148992
Amazon,AMZN,11/08/2021,401,399,64,441,1240947
Amazon,AMZN,11/08/2021,269,260,384,330,1153239
Walt Disney Co,DIS,14/08/2021,84,178,468,72,2097743
Uber Technologies Inc,UBER,15/08/2021,426,147,445,102,2203867
Tesla,TSLA,16/08/2021,401,137,210,291,9916662
Visa,V,18/08/2021,212,189,220,54,3500015
McDonald's Corp,MCD,31/08/2021,85,337,263,94,5740049
Amazon,AMZN,31/08/2021,370,94,437,143,755748
Walmart,WMT,31/08/2021,250,288,306,482,571872
Amazon,AMZN,03/09/2021,129,67,267,322,8951355
Walmart,WMT,05/09/2021,241,54,411,379,1330639
Netflix,NFLX,10/09/2021,406,155,489,391,1483587
Tesla,TSLA,10/09/2021,229,65,335,84,1479559
Netflix,NFLX,16/09/2021,263,431,127,159,7918812
Netflix,NFLX,20/09/2021,249,426,312,136,8655941
Uber Technologies Inc,UBER,23/09/2021,292,64,176,135,4670223
CostCo,COST,01/10/2021,331,183,125,435,2799712
Walt Disney Co,DIS,02/10/2021,392,138,300,234,8556082
Netflix,NFLX,09/10/2021,303,470,181,492,5742955
Netflix,NFLX,18/10/2021,122,225,443,454,7157374
CostCo,COST,21/10/2021,296,194,414,193,753775
Walmart,WMT,06/11/2021,333,461,168,345,6745247
Netflix,NFLX,13/11/2021,87,248,203,385,3748882
CostCo,COST,20/11/2021,181,85,408,351,4313095
Tesla,TSLA,06/12/2021,268,162,129,500,5432582
Walmart,WMT,07/12/2021,478,85,291,488,6773574
Walmart,WMT,14/12/2021,88,411,148,173,6814425
Tesla,TSLA,16/12/2021,495,187,411,363,3404530
Walt Disney Co,DIS,18/12/2021,427,210,128,436,8511683
Amazon,AMZN,24/12/2021,372,289,227,284,3900173
Walt Disney Co,DIS,27/12/2021,438,89,328,196,8343224
Amazon,AMZN,27/12/2021,308,172,435,227,9438507
CostCo,COST,28/12/2021,387,456,170,252,1152408
CostCo,COST,31/12/2021,213,471,208,447,7357123
Amazon,AMZN,07/01/2022,393,255,311,406,6737727
Netflix,NFLX,13/01/2022,138,142,168,282,3008095
Walmart,WMT,15/01/2022,291,151,96,91,8980689
Visa,V,16/01/2022,458,227,244,256,5684828
Tesla,TSLA,19/01/2022,126,451,52,354,1472045
Walmart,WMT,27/01/2022,276,225,254,97,4270282
Walmart,WMT,01/02/2022,133,136,83,61,3031950
Uber Technologies Inc,UBER,02/02/2022,292,179,432,75,7651421
Walmart,WMT,12/02/2022,297,317,132,130,1335239
CostCo,COST,12/02/2022,156,466,105,196,8620514
McDonald's Corp,MCD,12/02/2022,330,494,412,354,751725
Visa,V,16/02/2022,257,471,73,356,5634452
Netflix,NFLX,17/02/2022,424,257,94,278,6551924
CostCo,COST,20/02/2022,455,145,93,346,8057432
MasterCard Incorporated,MA,24/02/2022,243,213,401,108,4813209
CostCo,COST,26/02/2022,130,50,198,298,4785357
McDonald's Corp,MCD,04/03/2022,318,111,326,183,8760964
Visa,V,09/03/2022,277,456,157,500,886769
MasterCard Incorporated,MA,10/03/2022,107,285,274,240,2740869
Netflix,NFLX,11/03/2022,85,66,99,422,3234754
Uber Technologies Inc,UBER,15/03/2022,204,210,346,411,9788317
Uber Technologies Inc,UBER,23/03/2022,79,381,200,291,646801
MasterCard Incorporated,MA,31/03/2022,150,433,363,201,8812255
CostCo,COST,08/04/2022,184,477,375,109,3828179
Tesla,TSLA,10/04/2022,369,263,215,204,1664918
Visa,V,10/04/2022,489,306,296,318,748816
Uber Technologies Inc,UBER,11/04/2022,471,476,363,385,6323973
Uber Technologies Inc,UBER,11/04/2022,266,430,384,421,3592031
Walmart,WMT,12/04/2022,233,267,251,149,2263998
MasterCard Incorporated,MA,12/04/2022,381,420,294,346,1194779
CostCo,COST,20/04/2022,403,267,75,291,7798263
MasterCard Incorporated,MA,22/04/2022,428,202,325,260,7113110
Amazon,AMZN,25/04/2022,192,298,334,224,6709352
Walt Disney Co,DIS,26/04/2022,375,81,287,494,3677556
Visa,V,08/05/2022,251,160,285,121,2717127
CostCo,COST,09/05/2022,446,452,170,310,3184360
Netflix,NFLX,11/05/2022,373,163,242,429,7969642
MasterCard Incorporated,MA,12/05/2022,260,386,468,232,4640223
Amazon,AMZN,13/05/2022,238,276,154,194,5008264
CostCo,COST,14/05/2022,376,347,454,484,4630314
Walmart,WMT,16/05/2022,170,434,372,203,3417924
McDonald's Corp,MCD,21/05/2022,298,427,234,403,1453498
CostCo,COST,26/05/2022,100,469,139,456,3561116
Walt Disney Co,DIS,30/05/2022,463,317,265,403,7552898
Walmart,WMT,30/05/2022,170,423,404,81,6966746
McDonald's Corp,MCD,31/05/2022,276,480,464,331,3767494
Walmart,WMT,31/05/2022,85,61,130,236,9528794
Netflix,NFLX,10/06/2022,144,288,316,189,3203186
MasterCard Incorporated,MA,14/06/2022,388,71,194,243,4141276
Tesla,TSLA,20/06/2022,261,162,350,169,6777327
McDonald's Corp,MCD,23/06/2022,456,423,381,323,7433830
Uber Technologies Inc,UBER,23/06/2022,268,384,181,60,9009329
Tesla,TSLA,29/06/2022,409,316,203,274,8327944
Amazon,AMZN,29/06/2022,74,134,182,269,6975650
Visa,V,30/06/2022,87,246,403,500,9997680
Walmart,WMT,03/07/2022,443,286,213,98,7016963
Visa,V,03/07/2022,371,231,232,75,5929401
Uber Technologies Inc,UBER,05/07/2022,247,438,295,251,7332286
Tesla,TSLA,13/07/2022,207,172,257,151,672440
Uber Technologies Inc,UBER,21/07/2022,299,216,414,131,4571960
Uber Technologies Inc,UBER,23/07/2022,389,356,367,441,5337980
Visa,V,27/07/2022,104,348,242,100,3004980
CostCo,COST,02/08/2022,352,241,361,303,1230883
CostCo,COST,06/08/2022,248,242,217,335,1283106
Amazon,AMZN,11/08/2022,225,60,92,411,6676946
Tesla,TSLA,20/08/2022,317,158,326,182,7619356
Visa,V,24/08/2022,379,83,396,163,7290037
Amazon,AMZN,24/08/2022,489,98,254,91,9935126
Tesla,TSLA,29/08/2022,389,474,119,316,7947315
McDonald's Corp,MCD,12/09/2022,413,231,396,431,1400699
Uber Technologies Inc,UBER,24/09/2022,195,299,296,69,1435465
McDonald's Corp,MCD,29/09/2022,302,349,73,72,8997223
Tesla,TSLA,29/09/2022,439,279,193,426,9842553
Visa,V,30/09/2022,143,457,157,482,9598420
Visa,V,01/10/2022,143,224,119,442,6542656
MasterCard Incorporated,MA,02/10/2022,294,282,93,155,3803648
MasterCard Incorporated,MA,05/10/2022,405,200,182,196,2840353
Tesla,TSLA,06/10/2022,447,415,186,76,7065504
Uber Technologies Inc,UBER,11/10/2022,488,148,76,180,7363011
Uber Technologies Inc,UBER,12/10/2022,55,302,137,479,3094217
Walt Disney Co,DIS,20/10/2022,193,471,318,491,8533353
Walmart,WMT,21/10/2022,436,112,329,450,1726388
Amazon,AMZN,24/10/2022,97,104,161,127,7059092
Visa,V,26/10/2022,476,293,317,234,5352162
MasterCard Incorporated,MA,26/10/2022,476,132,463,67,5972871
Visa,V,27/10/2022,255,291,55,121,5590641
Walt Disney Co,DIS,27/10/2022,197,246,306,500,1329737
Netflix,NFLX,29/10/2022,347,128,315,146,4871445
Netflix,NFLX,01/11/2022,267,322,323,469,4511819
MasterCard Incorporated,MA,02/11/2022,304,224,250,415,3893994
Tesla,TSLA,03/11/2022,151,368,180,144,4942383
CostCo,COST,17/11/2022,194,500,85,269,6484000
Walt Disney Co,DIS,22/11/2022,100,402,130,460,9087078
Walt Disney Co,DIS,23/11/2022,347,266,211,262,4573749
McDonald's Corp,MCD,23/11/2022,258,128,403,460,3873228
Walmart,WMT,11/12/2022,290,90,142,308,9493694
Walmart,WMT,13/12/2022,396,445,342,378,2658285
Netflix,NFLX,18/12/2022,64,402,281,398,3441102
MasterCard Incorporated,MA,19/12/2022,165,158,300,267,4009443
Amazon,AMZN,19/12/2022,460,80,416,207,6870562
CostCo,COST,21/12/2022,452,139,490,379,1830653
CostCo,COST,24/12/2022,192,284,387,166,533587
Tesla,TSLA,29/12/2022,315,62,389,79,3009720
Tesla,TSLA,06/01/2023,406,332,481,497,6714054
Visa,V,11/01/2023,235,273,492,273,6997066
CostCo,COST,16/01/2023,315,388,373,185,2361637
CostCo,COST,17/01/2023,131,478,447,108,3322170
Amazon,AMZN,22/01/2023,51,440,249,123,8565938
McDonald's Corp,MCD,25/01/2023,398,119,339,306,1469445
MasterCard Incorporated,MA,26/01/2023,230,377,333,105,8874215
McDonald's Corp,MCD,04/02/2023,486,490,186,126,1981959
Amazon,AMZN,05/02/2023,228,264,499,352,772837
McDonald's Corp,MCD,11/02/2023,184,202,257,275,538343
CostCo,COST,21/02/2023,427,340,238,191,4096473
Visa,V,21/02/2023,396,490,122,383,4694338
Walmart,WMT,22/02/2023,359,297,170,202,6318817
MasterCard Incorporated,MA,02/03/2023,425,327,489,305,6963640
Tesla,TSLA,02/03/2023,420,138,175,343,8381898
Walt Disney Co,DIS,04/03/2023,271,322,280,98,6000467
Visa,V,05/03/2023,249,165,99,124,7546326
Walt Disney Co,DIS,06/03/2023,67,129,210,440,7485374
Walt Disney Co,DIS,07/03/2023,213,192,434,201,8399936
Walmart,WMT,08/03/2023,238,380,61,176,9632270
McDonald's Corp,MCD,08/03/2023,150,105,480,300,9719387
Netflix,NFLX,11/03/2023,230,360,381,188,8710708
Visa,V,12/03/2023,448,266,356,138,9142346
Visa,V,17/03/2023,279,269,436,345,8122137
Netflix,NFLX,17/03/2023,285,206,216,490,8702097
Walmart,WMT,22/03/2023,324,268,300,76,787986
Amazon,AMZN,25/03/2023,354,499,375,88,2890826
Uber Technologies Inc,UBER,29/03/2023,317,465,492,415,9139021
Uber Technologies Inc,UBER,03/04/2023,431,348,142,389,4624310
Amazon,AMZN,15/04/2023,482,163,490,491,9087436
MasterCard Incorporated,MA,19/04/2023,384,348,495,413,548298
Visa,V,21/04/2023,289,391,209,447,1007631
McDonald's Corp,MCD,26/04/2023,417,480,61,225,8115556
Tesla,TSLA,27/04/2023,311,141,135,257,8741799
McDonald's Corp,MCD,01/05/2023,125,438,426,439,923150
Netflix,NFLX,05/05/2023,237,82,309,298,2777199
CostCo,COST,08/05/2023,302,81,146,118,8265091
Visa,V,09/05/2023,256,429,246,191,3754608
Uber Technologies Inc,UBER,10/05/2023,221,416,378,267,8915175
CostCo,COST,15/05/2023,309,430,210,385,1609576
Uber Technologies Inc,UBER,17/05/2023,408,96,299,398,9891567
Walmart,WMT,29/05/2023,333,314,207,448,2602313
CostCo,COST,01/06/2023,236,97,333,84,8194612
Visa,V,02/06/2023,100,192,454,456,6323020
Walmart,WMT,03/06/2023,409,360,257,204,5277525
McDonald's Corp,MCD,03/06/2023,369,360,284,480,1761278
MasterCard Incorporated,MA,05/06/2023,159,207,246,169,9171522
McDonald's Corp,MCD,07/06/2023,276,115,498,216,6709852
Amazon,AMZN,07/06/2023,87,413,339,228,3836519
Visa,V,25/06/2023,370,437,192,403,1922967
Walt Disney Co,DIS,25/06/2023,390,448,298,53,654351
CostCo,COST,28/06/2023,362,264,378,462,9181647
McDonald's Corp,MCD,29/06/2023,66,190,291,180,7773994
Netflix,NFLX,01/07/2023,358,475,202,176,8328759
Walt Disney Co,DIS,08/07/2023,272,176,252,343,1570279
CostCo,COST,12/07/2023,290,433,492,371,9978513
Walt Disney Co,DIS,12/07/2023,111,349,250,169,6062415
McDonald's Corp,MCD,15/07/2023,367,351,140,329,7735982
CostCo,COST,28/07/2023,462,279,338,238,7551385
MasterCard Incorporated,MA,05/08/2023,369,185,243,119,8564041
McDonald's Corp,MCD,09/08/2023,298,207,489,54,7417604
McDonald's Corp,MCD,10/08/2023,305,189,439,436,9780451
Tesla,TSLA,12/08/2023,335,294,287,330,1359409
McDonald's Corp,MCD,16/08/2023,173,123,101,479,2896934
Walmart,WMT,17/08/2023,341,448,106,432,5737369
Uber Technologies Inc,UBER,20/08/2023,367,248,209,181,5003396
Walt Disney Co,DIS,29/08/2023,497,324,190,151,4609702
Visa,V,01/09/2023,52,230,391,112,2196989
Walmart,WMT,06/09/2023,130,218,499,262,3762107
Walmart,WMT,07/09/2023,336,217,258,418,4295316
McDonald's Corp,MCD,08/09/2023,440,230,54,192,3991772
Amazon,AMZN,13/09/2023,446,324,251,330,3407473
Tesla,TSLA,16/09/2023,308,205,359,451,8904405
Walmart,WMT,20/09/2023,236,273,299,227,7761007
MasterCard Incorporated,MA,23/09/2023,179,78,472,366,8523124
Netflix,NFLX,24/09/2023,469,320,88,424,9671429
Tesla,TSLA,07/10/2023,79,56,111,298,8407257
CostCo,COST,10/10/2023,111,496,241,363,2412205
Netflix,NFLX,11/10/2023,440,404,399,448,1826789
Uber Technologies Inc,UBER,12/10/2023,224,322,74,387,6558734
McDonald's Corp,MCD,13/10/2023,307,452,57,398,8492680
Amazon,AMZN,15/10/2023,70,474,482,226,4229433
Walt Disney Co,DIS,17/10/2023,60,106,56,437,4996734
MasterCard Incorporated,MA,22/10/2023,169,125,240,59,7415149
Amazon,AMZN,27/10/2023,87,234,148,348,2821179
Walt Disney Co,DIS,06/11/2023,65,414,313,133,9260861
CostCo,COST,10/11/2023,329,335,118,378,9398186
Amazon,AMZN,19/11/2023,416,254,359,379,1020799
Netflix,NFLX,24/11/2023,292,367,449,246,8223432
Amazon,AMZN,25/11/2023,150,199,306,217,984752
Visa,V,26/11/2023,72,497,223,345,807004
CostCo,COST,28/11/2023,278,151,425,272,2931978
Tesla,TSLA,28/11/2023,241,54,149,456,9847102
Visa,V,01/12/2023,139,344,424,186,5748025
Tesla,TSLA,09/12/2023,75,372,361,120,2327560
Netflix,NFLX,09/12/2023,280,181,228,287,9126134
Visa,V,15/12/2023,218,237,440,232,4678336
Walmart,WMT,17/12/2023,108,301,310,162,3834172
MasterCard Incorporated,MA,20/12/2023,376,104,122,107,4837912
Walt Disney Co,DIS,22/12/2023,491,432,129,457,4823796
Visa,V,23/12/2023,331,94,86,74,5667126
MasterCard Incorporated,MA,26/12/2023,119,457,497,56,6733619
CostCo,COST,27/12/2023,181,452,424,241,3985601
Amazon,AMZN,31/12/2023,134,174,192,312,8383668
McDonald's Corp,MCD,02/01/2024,395,366,69,175,2979639
Amazon,AMZN,05/01/2024,103,165,458,155,658855
Amazon,AMZN,07/01/2024,252,138,493,243,2779291
McDonald's Corp,MCD,15/01/2024,175,317,431,241,5939434
McDonald's Corp,MCD,15/01/2024,234,469,184,190,3533749
McDonald's Corp,MCD,18/01/2024,82,453,438,190,8732328
McDonald's Corp,MCD,19/01/2024,426,394,226,395,3512349
Amazon,AMZN,24/01/2024,255,432,415,419,8640999
Visa,V,27/01/2024,273,464,330,231,1080570
CostCo,COST,04/02/2024,92,404,218,396,8345285
CostCo,COST,10/02/2024,459,325,76,314,3474852
Visa,V,19/02/2024,100,400,275,352,4966249
Amazon,AMZN,12/03/2024,99,75,155,105,8403761
Walt Disney Co,DIS,19/03/2024,130,182,241,215,5489525
Amazon,AMZN,24/03/2024,139,295,498,210,1942403
Amazon,AMZN,29/03/2024,187,409,388,473,8081478
Amazon,AMZN,30/03/2024,190,465,410,308,1661544
CostCo,COST,31/03/2024,261,432,458,180,8473131
Walmart,WMT,31/03/2024,494,382,372,450,5199441
MasterCard Incorporated,MA,02/04/2024,97,423,105,462,4974139
Uber Technologies Inc,UBER,03/04/2024,447,142,443,120,6378824
Netflix,NFLX,05/04/2024,224,145,372,374,1113334
Amazon,AMZN,08/04/2024,258,312,261,294,5453568
Tesla,TSLA,10/04/2024,188,405,155,274,3495953
Walt Disney Co,DIS,11/04/2024,332,401,479,298,1181311
Tesla,TSLA,13/04/2024,423,111,308,460,3183056
Walmart,WMT,18/04/2024,266,285,54,414,8513624
MasterCard Incorporated,MA,18/04/2024,218,145,308,122,5970577
Netflix,NFLX,19/04/2024,439,303,376,456,5838626
MasterCard Incorporated,MA,21/04/2024,328,308,106,413,7508808
MasterCard Incorporated,MA,24/04/2024,251,499,340,427,7956814
MasterCard Incorporated,MA,25/04/2024,92,181,416,486,5312101
MasterCard Incorporated,MA,27/04/2024,194,469,285,293,1924829
Walt Disney Co,DIS,05/05/2024,342,243,180,123,7550643
CostCo,COST,15/05/2024,380,171,214,366,5993816
Walt Disney Co,DIS,16/05/2024,223,65,352,144,1843129
Netflix,NFLX,20/05/2024,358,74,487,453,3375247
Walt Disney Co,DIS,26/05/2024,140,312,231,418,4754628
Walmart,WMT,27/05/2024,477,68,67,66,8520348
Visa,V,01/06/2024,432,271,378,52,9260269
MasterCard Incorporated,MA,03/06/2024,59,316,68,217,9606039
Uber Technologies Inc,UBER,10/06/2024,99,73,465,270,8752684
Tesla,TSLA,15/06/2024,320,61,397,113,5833662
Netflix,NFLX,16/06/2024,112,181,404,483,1866425
McDonald's Corp,MCD,19/06/2024,296,163,247,302,9481575
MasterCard Incorporated,MA,22/06/2024,116,337,414,362,5512820
Walt Disney Co,DIS,24/06/2024,171,370,334,442,5116431
CostCo,COST,30/06/2024,130,446,155,345,1783648
Amazon,AMZN,07/07/2024,465,489,340,480,2446196
MasterCard Incorporated,MA,11/07/2024,227,250,492,193,5202549
McDonald's Corp,MCD,15/07/2024,259,358,265,335,3099343
Walmart,WMT,16/07/2024,292,373,218,228,7503876
Visa,V,17/07/2024,244,475,270,104,922662
Walmart,WMT,19/07/2024,64,59,171,166,6688059
Netflix,NFLX,20/07/2024,338,196,275,334,1177223
McDonald's Corp,MCD,25/07/2024,228,100,76,308,6028348
Walmart,WMT,27/07/2024,304,177,174,183,4969933
McDonald's Corp,MCD,30/07/2024,396,255,88,218,2672282
Amazon,AMZN,15/08/2024,215,108,228,449,3979146
CostCo,COST,16/08/2024,72,462,439,184,1813853
Visa,V,24/08/2024,413,99,181,454,972656
MasterCard Incorporated,MA,26/08/2024,179,249,394,307,7437193
Walmart,WMT,30/08/2024,226,349,132,181,4089726
Visa,V,01/09/2024,382,384,299,429,1396908
McDonald's Corp,MCD,03/09/2024,222,373,394,51,8015882
CostCo,COST,05/09/2024,334,488,206,473,7390956
Amazon,AMZN,07/09/2024,300,328,445,214,6959478
Tesla,TSLA,08/09/2024,131,427,460,454,9369109
McDonald's Corp,MCD,12/09/2024,91,298,189,150,7999015
Uber Technologies Inc,UBER,13/09/2024,76,203,146,318,9597961
Walmart,WMT,21/09/2024,494,446,88,407,7786309
Visa,V,24/09/2024,57,453,366,495,1404851
Uber Technologies Inc,UBER,30/09/2024,224,246,265,131,1258160
Walt Disney Co,DIS,02/10/2024,150,287,274,207,3502231
McDonald's Corp,MCD,05/10/2024,273,80,174,385,6820536
Netflix,NFLX,11/10/2024,459,107,80,159,6558838
Walt Disney Co,DIS,12/10/2024,220,216,336,439,6346162
Tesla,TSLA,14/10/2024,231,237,302,207,9879965
MasterCard Incorporated,MA,23/10/2024,52,446,137,182,7013699
McDonald's Corp,MCD,26/10/2024,205,323,345,258,7084526
McDonald's Corp,MCD,28/10/2024,430,268,253,219,9376002
Netflix,NFLX,03/11/2024,97,268,499,407,4608405
CostCo,COST,09/11/2024,430,455,249,72,7369259
Amazon,AMZN,16/11/2024,229,167,352,157,4484711
CostCo,COST,21/11/2024,218,440,117,353,1424501
MasterCard Incorporated,MA,22/11/2024,495,304,351,318,6779696
MasterCard Incorporated,MA,23/11/2024,129,88,343,488,970031
MasterCard Incorporated,MA,25/11/2024,497,213,206,289,2997612
Amazon,AMZN,26/11/2024,224,465,432,354,2170324
Walt Disney Co,DIS,28/11/2024,424,108,307,443,8482140
Amazon,AMZN,17/12/2024,246,108,144,493,4060200
CostCo,COST,17/12/2024,108,195,366,343,5208887
CostCo,COST,19/12/2024,279,282,302,443,4384185
Visa,V,30/12/2024,363,132,211,288,5893237